block_id,seed_min,seed_max,n_seeds,raw_tail_score_gain,raw_tail_utility_drop,raw_tail_identity_error,combined_raw_nmax_gain,combined_raw_nmax_win_rate
0,0,3,4,0.418084184937237,0.25498686051378716,1.0,0.8717532009765696,1.0
1,4,7,4,0.6399205870055508,0.25239654652353305,1.0,0.8953497812841004,1.0
2,8,11,4,0.6574872320907885,0.3952035533602253,1.0,0.8939243780122117,1.0
3,12,15,4,0.5881849773370585,0.5532965908343264,1.0,0.8602071898170613,1.0
