{
  "mode": "full",
  "train_seeds": [
    0,
    1,
    2,
    3,
    4,
    5,
    6,
    7,
    8,
    9,
    10,
    11,
    12,
    13,
    14,
    15,
    16,
    17,
    18,
    19,
    20,
    21,
    22,
    23,
    24,
    25,
    26,
    27,
    28,
    29,
    30,
    31
  ],
  "eval_seeds": [
    0,
    1,
    2,
    3,
    4,
    5,
    6,
    7,
    8,
    9,
    10,
    11,
    12,
    13,
    14,
    15,
    16,
    17,
    18,
    19,
    20,
    21,
    22,
    23,
    24,
    25,
    26,
    27,
    28,
    29,
    30,
    31
  ],
  "n_eval_rows": 2016,
  "policy": {
    "feature_names": [
      "pilot_raw_score",
      "pilot_identity_consistency",
      "pilot_slot_support",
      "pilot_target_slot_confidence",
      "pilot_target_id_match",
      "pilot_one_minus_identity_instability",
      "pilot_one_minus_merge_evidence",
      "pilot_one_minus_property_entropy",
      "pilot_one_minus_property_surprise",
      "pilot_hidden_mass_estimate",
      "pilot_property_prior_heavy",
      "pilot_slot_count_scaled",
      "learned_reward",
      "learned_identity_alignment",
      "learned_property_confidence",
      "observable_repair_score",
      "learned_identity_times_observable"
    ],
    "feature_mean": [
      0.6631273929032755,
      0.681241210937501,
      0.8861181640624928,
      0.6009374999999979,
      0.66015625,
      0.5763281249999433,
      0.7580468750000706,
      0.692694533314248,
      0.6462998436060262,
      0.5803207158888687,
      0.5830044644760756,
      0.4920654296875,
      0.3937095333177669,
      0.7309766408376874,
      0.7526188330860555,
      0.7670391935471383,
      0.6259054126270177
    ],
    "feature_scale": [
      0.22763883448111352,
      0.22340778887447707,
      0.1633807851588731,
      0.30698441913843216,
      0.4736559675396664,
      0.32604740139894156,
      0.28755857716776323,
      0.2354578024153779,
      0.3187941864708224,
      0.18620512162029118,
      0.22507007898074,
      0.030477268299808197,
      0.16753698022596353,
      0.28463774827028626,
      0.16481333600758172,
      0.42456118844046703,
      0.4120477772184441
    ],
    "weights": [
      0.5400373565636654,
      -0.008126499990026289,
      -0.0451190936462088,
      -0.0407261579351038,
      0.013021185236298267,
      0.24036577579228158,
      -0.038022515459494415,
      -0.018453467387984042,
      -0.11841408620034713,
      0.1801411376643107,
      0.06099788462393211,
      -0.09897621618483679,
      -0.010380826635106229,
      0.0018958905505487447,
      -0.017410028712864928,
      -0.012840503389633202,
      0.15883751048037495,
      0.07749252468943776
    ],
    "ridge": 0.004,
    "n_train_candidates": 10240,
    "train_mae": 0.045142743375572,
    "train_correlation": 0.984585387941474
  }
}