{
  "mode": "full",
  "train_seeds": [
    0,
    1,
    2,
    3,
    4,
    5,
    6,
    7,
    8,
    9,
    10,
    11,
    12,
    13,
    14,
    15,
    16,
    17,
    18,
    19,
    20,
    21,
    22,
    23
  ],
  "eval_seeds": [
    0,
    1,
    2,
    3,
    4,
    5,
    6,
    7,
    8,
    9,
    10,
    11,
    12,
    13,
    14,
    15,
    16,
    17,
    18,
    19,
    20,
    21,
    22,
    23,
    24,
    25,
    26,
    27,
    28,
    29,
    30,
    31,
    32,
    33,
    34,
    35,
    36,
    37,
    38,
    39
  ],
  "n_eval_rows": 1200,
  "calibrators": [
    {
      "heldout_scenario": "raw",
      "train_scenarios": [
        "occlusion",
        "hidden_property",
        "swap",
        "merge_split"
      ],
      "calibrator": {
        "feature_names": [
          "raw_object_score",
          "identity_consistency",
          "slot_support",
          "target_slot_confidence",
          "predicted_target_matches_query",
          "one_minus_identity_instability",
          "one_minus_merge_evidence",
          "one_minus_property_entropy",
          "one_minus_property_surprise",
          "hidden_mass_estimate",
          "property_prior_heavy",
          "slot_count_scaled"
        ],
        "feature_mean": [
          0.6473495317780428,
          0.6935562500000291,
          0.8877685546875144,
          0.649778645833388,
          0.6892903645833334,
          0.5939420572916786,
          0.7673697916667318,
          0.7029026756931267,
          0.6604127282847174,
          0.546253495873192,
          0.5606824295335742,
          0.4925130208333333
        ],
        "feature_scale": [
          0.2194026842554523,
          0.21722925812591878,
          0.1612902217301957,
          0.31412444946601853,
          0.4627841374505971,
          0.31873420185839463,
          0.2782419861154408,
          0.22922390496176429,
          0.30985656267951417,
          0.1736151299936866,
          0.2074528894617705,
          0.029661718405907252
        ],
        "weights": [
          0.5694824694688305,
          0.007551945597539484,
          0.03885641458112265,
          -0.010385769885873673,
          0.008122417758275257,
          0.22778051701730284,
          0.03250873082867647,
          0.08933106295884544,
          -0.07828790422924495,
          0.18304619918284007,
          0.05327441633635185,
          -0.07852897470692725,
          -0.005042909794325427
        ],
        "ridge": 0.002,
        "n_train_candidates": 6144,
        "train_mae": 0.04641955736761973,
        "train_correlation": 0.9833173874731597
      }
    },
    {
      "heldout_scenario": "occlusion",
      "train_scenarios": [
        "raw",
        "hidden_property",
        "swap",
        "merge_split"
      ],
      "calibrator": {
        "feature_names": [
          "raw_object_score",
          "identity_consistency",
          "slot_support",
          "target_slot_confidence",
          "predicted_target_matches_query",
          "one_minus_identity_instability",
          "one_minus_merge_evidence",
          "one_minus_property_entropy",
          "one_minus_property_surprise",
          "hidden_mass_estimate",
          "property_prior_heavy",
          "slot_count_scaled"
        ],
        "feature_mean": [
          0.6561043872844254,
          0.6964108072916991,
          0.8797200520833451,
          0.6457552083333873,
          0.7073567708333334,
          0.6054361979166812,
          0.7471875000000613,
          0.6822787953920506,
          0.6323745534357385,
          0.600469864147895,
          0.5939854321516741,
          0.491455078125
        ],
        "feature_scale": [
          0.2293469437504187,
          0.21871983253382055,
          0.16626405725029783,
          0.31901819186953423,
          0.4549760099055655,
          0.31332890872671293,
          0.2976757293494955,
          0.24223470496679494,
          0.327641658082017,
          0.19005923293767576,
          0.2330397251063317,
          0.031545198438512737
        ],
        "weights": [
          0.5644969076883825,
          0.030189311545837164,
          0.043467859329338346,
          -0.014988265548594823,
          0.015664958986517697,
          0.22201792046241095,
          0.03714439066229756,
          0.1004190355268565,
          -0.1113706942282701,
          0.23876958737067705,
          0.06401364024451718,
          -0.10170814460301501,
          -0.008700598113539695
        ],
        "ridge": 0.002,
        "n_train_candidates": 6144,
        "train_mae": 0.0485289683377568,
        "train_correlation": 0.9818478546301981
      }
    },
    {
      "heldout_scenario": "hidden_property",
      "train_scenarios": [
        "raw",
        "occlusion",
        "swap",
        "merge_split"
      ],
      "calibrator": {
        "feature_names": [
          "raw_object_score",
          "identity_consistency",
          "slot_support",
          "target_slot_confidence",
          "predicted_target_matches_query",
          "one_minus_identity_instability",
          "one_minus_merge_evidence",
          "one_minus_property_entropy",
          "one_minus_property_surprise",
          "hidden_mass_estimate",
          "property_prior_heavy",
          "slot_count_scaled"
        ],
        "feature_mean": [
          0.6824363149556869,
          0.647666861979191,
          0.8770670572916787,
          0.5617122395833712,
          0.6009114583333334,
          0.5289811197916647,
          0.7411979166667267,
          0.7156287282991163,
          0.6775513793379996,
          0.5532588381155031,
          0.5731005652332859,
          0.4911295572916667
        ],
        "feature_scale": [
          0.23635697827709976,
          0.23068269385244036,
          0.1681866311546543,
          0.29966810722131887,
          0.48971101435136205,
          0.33873059355203317,
          0.30294495924010856,
          0.2200790903833272,
          0.29748999060590325,
          0.17488474492988523,
          0.20574437722079686,
          0.032095491656924685
        ],
        "weights": [
          0.5053663771404645,
          0.006346072976749922,
          0.037517970352320226,
          -0.012437137905140769,
          0.018773674301056642,
          0.25214920671358265,
          0.030808606375042694,
          0.09144342694401499,
          -0.040477147329119625,
          0.1509327646258809,
          0.07144392545878789,
          -0.11036596221437617,
          -0.01100693857724324
        ],
        "ridge": 0.002,
        "n_train_candidates": 6144,
        "train_mae": 0.04471087552553244,
        "train_correlation": 0.986743192525644
      }
    },
    {
      "heldout_scenario": "swap",
      "train_scenarios": [
        "raw",
        "occlusion",
        "hidden_property",
        "merge_split"
      ],
      "calibrator": {
        "feature_names": [
          "raw_object_score",
          "identity_consistency",
          "slot_support",
          "target_slot_confidence",
          "predicted_target_matches_query",
          "one_minus_identity_instability",
          "one_minus_merge_evidence",
          "one_minus_property_entropy",
          "one_minus_property_surprise",
          "hidden_mass_estimate",
          "property_prior_heavy",
          "slot_count_scaled"
        ],
        "feature_mean": [
          0.6619696102292548,
          0.6820947265625305,
          0.8762939453125114,
          0.5611328125000375,
          0.68017578125,
          0.5853841145833424,
          0.7379427083333927,
          0.6793792367869496,
          0.6284221057379354,
          0.599434437514402,
          0.5918124738026614,
          0.4913736979166667
        ],