{
  "mode": "full",
  "train_seeds": [
    0,
    1,
    2,
    3,
    4,
    5,
    6,
    7,
    8,
    9,
    10,
    11,
    12,
    13,
    14,
    15,
    16,
    17,
    18,
    19,
    20,
    21,
    22,
    23,
    24,
    25,
    26,
    27,
    28,
    29,
    30,
    31
  ],
  "eval_seeds": [
    0,
    1,
    2,
    3,
    4,
    5,
    6,
    7,
    8,
    9,
    10,
    11,
    12,
    13,
    14,
    15,
    16,
    17,
    18,
    19,
    20,
    21,
    22,
    23,
    24,
    25,
    26,
    27,
    28,
    29,
    30,
    31,
    32,
    33,
    34,
    35,
    36,
    37,
    38,
    39,
    40,
    41,
    42,
    43,
    44,
    45,
    46,
    47
  ],
  "n_eval_rows": 864,
  "calibrator": {
    "feature_names": [
      "raw_object_score",
      "identity_consistency",
      "slot_support",
      "target_slot_confidence",
      "predicted_target_matches_query",
      "one_minus_identity_instability",
      "one_minus_merge_evidence",
      "one_minus_property_entropy",
      "one_minus_property_surprise",
      "hidden_mass_estimate",
      "property_prior_heavy",
      "slot_count_scaled"
    ],
    "feature_mean": [
      0.6652173966082015,
      0.6807091796874984,
      0.8857763671874925,
      0.6011367187499974,
      0.66328125,
      0.5758007812499449,
      0.7569531250000703,
      0.688435564405183,
      0.6409383748900561,
      0.5756508455875091,
      0.5784324467947283,
      0.492578125
    ],
    "feature_scale": [
      0.22762481956563055,
      0.22361445709869546,
      0.16134681803955117,
      0.3056807797694876,
      0.4725878049616056,
      0.3267565861032965,
      0.28861213860949547,
      0.2376705077758203,
      0.32164995141605934,
      0.1904503740360775,
      0.22728340349307127,
      0.02954065243836406
    ],
    "weights": [
      0.539417242530053,
      0.02027634966655676,
      0.03996650946102435,
      -0.014712028195069645,
      0.012122727383263445,
      0.24095297778988997,
      0.03429171191767892,
      0.09197845621361087,
      -0.16184366143041357,
      0.284247882430405,
      0.06308316700661468,
      -0.09982702009622837,
      -0.005470153302542346
    ],
    "ridge": 0.002,
    "n_train_candidates": 10240,
    "train_mae": 0.0478788429570998,
    "train_correlation": 0.983367982746434
  }
}