{
  "mode": "full",
  "train_seeds": [
    0,
    1,
    2,
    3,
    4,
    5,
    6,
    7,
    8,
    9,
    10,
    11,
    12,
    13,
    14,
    15,
    16,
    17,
    18,
    19,
    20,
    21,
    22,
    23,
    24,
    25,
    26,
    27,
    28,
    29,
    30,
    31
  ],
  "eval_seeds": [
    0,
    1,
    2,
    3,
    4,
    5,
    6,
    7,
    8,
    9,
    10,
    11,
    12,
    13,
    14,
    15,
    16,
    17,
    18,
    19,
    20,
    21,
    22,
    23,
    24,
    25,
    26,
    27,
    28,
    29,
    30,
    31,
    32,
    33,
    34,
    35,
    36,
    37,
    38,
    39,
    40,
    41,
    42,
    43,
    44,
    45,
    46,
    47
  ],
  "budgets": [
    16,
    32,
    64,
    128,
    256,
    512
  ],
  "n_eval_rows": 5184,
  "calibrators": [
    {
      "pilot_label_budget": 16,
      "calibrator": {
        "feature_names": [
          "raw_object_score",
          "identity_consistency",
          "slot_support",
          "target_slot_confidence",
          "predicted_target_matches_query",
          "one_minus_identity_instability",
          "one_minus_merge_evidence",
          "one_minus_property_entropy",
          "one_minus_property_surprise",
          "hidden_mass_estimate",
          "property_prior_heavy",
          "slot_count_scaled"
        ],
        "feature_mean": [
          0.595813688671297,
          0.7526750000000001,
          0.8718750000000001,
          0.6125,
          0.8125,
          0.7025000000000001,
          0.7300000000000002,
          0.6367496848747782,
          0.5742537954250948,
          0.5125273470891132,
          0.5081509970064284,
          0.484375
        ],
        "feature_scale": [
          0.22955141270691598,
          0.16328531585846903,
          0.13803164265848608,
          0.30355189012753653,
          0.3903123748998999,
          0.2285689173969199,
          0.31224989991991997,
          0.2582975739725449,
          0.3501941871911254,
          0.19683776150287713,
          0.24829175833159373,
          0.04133986423538423
        ],
        "weights": [
          0.5975755942020443,
          -0.00023194207022855828,
          0.009788106730226617,
          0.024564070098564348,
          0.05921820946263477,
          0.26177894665692814,
          -0.011780226117700765,
          0.07424466056539875,
          -0.37704834432248363,
          0.572845252238427,
          0.06765118332994607,
          -0.18424328053041913,
          -0.022739406447706324
        ],
        "ridge": 0.005,
        "n_train_candidates": 16,
        "train_mae": 0.014158301719517322,
        "train_correlation": 0.9981165450941657
      }
    },
    {
      "pilot_label_budget": 32,
      "calibrator": {
        "feature_names": [
          "raw_object_score",
          "identity_consistency",
          "slot_support",
          "target_slot_confidence",
          "predicted_target_matches_query",
          "one_minus_identity_instability",
          "one_minus_merge_evidence",
          "one_minus_property_entropy",
          "one_minus_property_surprise",
          "hidden_mass_estimate",
          "property_prior_heavy",
          "slot_count_scaled"
        ],
        "feature_mean": [
          0.6761794322573957,
          0.6720750000000001,
          0.871875,
          0.6237500000000001,
          0.65625,
          0.5725000000000003,
          0.7299999999999999,
          0.6739939977438874,
          0.6239960530190456,
          0.5385181817532074,
          0.542170780805922,
          0.48828125
        ],
        "feature_scale": [
          0.2313940125534706,
          0.21049067526852586,
          0.18111525163552625,
          0.2868552553118035,
          0.47495887979908324,
          0.3186985252554521,
          0.31224989991991986,
          0.2426840246019837,
          0.32846957358725404,
          0.17791100557297004,
          0.22934911533100322,
          0.036435074426128186
        ],
        "weights": [
          0.5073683463214637,
          0.02278450679885541,
          0.024325243676988025,
          0.013580353190787176,
          0.0439310683822893,
          0.2883977135918165,
          0.0063230891406296,
          0.10191028821629021,
          0.054370070488213115,
          0.1289890668229055,
          0.07360689459778022,
          -0.16444586560592395,
          -0.03705547505561463
        ],
        "ridge": 0.005,
        "n_train_candidates": 32,
        "train_mae": 0.02528697915732426,
        "train_correlation": 0.995044813511615
      }
    },
    {
      "pilot_label_budget": 64,
      "calibrator": {
        "feature_names": [
          "raw_object_score",
          "identity_consistency",
          "slot_support",
          "target_slot_confidence",
          "predicted_target_matches_query",
          "one_minus_identity_instability",
          "one_minus_merge_evidence",
          "one_minus_property_entropy",
          "one_minus_property_surprise",
          "hidden_mass_estimate",
          "property_prior_heavy",
          "slot_count_scaled"
        ],
        "feature_mean": [
          0.6977791181299575,
          0.6375999999999998,
          0.8882812499999996,
          0.5937499999999997,
          0.53125,
          0.5034375000000004,
          0.7675000000000005,
          0.673535708536127,
          0.6238692665749065,
          0.561794483703089,
          0.5547425980332603,
          0.490234375
        ],
        "feature_scale": [
          0.21786738855042728,
          0.21908664952479423,
          0.15928114577198865,
          0.2987656899645607,
          0.4990224819584785,
          0.339126722028433,
          0.27810744326608755,
          0.24267209387962202,
          0.32780858779765976,
          0.176887869858105,
          0.23126942937623107,
          0.03354602351038607
        ],
        "weights": [
          0.4447268413061689,
          0.018597496326751457,
          0.047770837558466915,
          -0.005097968342495849,
          0.03279103900747057,
          0.25410686555330614,
          0.04001862633852566,
          0.0819487796354423,
          -0.08906739877423786,
          0.261702311721923,
          0.09086091039969532,
          -0.1846326800987492,
          -0.029937385339100998
        ],
        "ridge": 0.005,
        "n_train_candidates": 64,
        "train_mae": 0.037489302773971084,
        "train_correlation": 0.9921241549724662
      }
    },
    {
      "pilot_label_budget": 128,
      "calibrator": {
        "feature_names": [
          "raw_object_score",
          "identity_consistency",
          "slot_support",
          "target_slot_confidence",
          "predicted_target_matches_query",
          "one_minus_identity_instability",
          "one_minus_merge_evidence",
          "one_minus_property_entropy",
          "one_minus_property_surprise",
          "hidden_mass_estimate",
          "property_prior_heavy",
          "slot_count_scaled"
        ],
        "feature_mean": [
          0.6797305121436371,
          0.6501312500000004,
          0.8910156249999995,
          0.5959374999999999,
          0.5703125,
          0.5214062499999997,
          0.773749999999999,
          0.6708599152000619,
          0.6196042494013786,
          0.5621044030928719,
          0.5577142216015832,
          0.494140625
        ],
        "feature_scale": [
          0.23428677498026795,
          0.22339197674365435,
          0.16158801705528583,
          0.28730819009166797,
          0.49503146601377773,
          0.3400016874383677,
          0.2714975828621683,
          0.24616330490593935,
          0.33214254994188697,
          0.18871541823756394,
          0.23595458912914144,
          0.026421385270446646
        ],