{
  "mode": "full",
  "ns": [
    1,
    2,
    4,
    8,
    16,
    32,
    64
  ],
  "seeds": [
    0,
    1,
    2,
    3,
    4,
    5,
    6,
    7,
    8,
    9,
    10,
    11,
    12,
    13,
    14,
    15
  ],
  "stress_seeds": [
    0,
    1,
    2,
    3,
    4,
    5,
    6,
    7,
    8,
    9,
    10,
    11,
    12,
    13,
    14,
    15,
    16,
    17,
    18,
    19,
    20,
    21,
    22,
    23,
    24,
    25,
    26,
    27,
    28,
    29,
    30,
    31
  ],
  "n_seed_rows": 4704,
  "n_main_rows": 294,
  "n_stress_rows": 960,
  "n_ood_rows": 256,
  "deployment_gate": "block_high_n",
  "exact_law_mean_absolute_error": 0.0004629118998613018,
  "raw_tail_score_gain": 0.5759192453426587,
  "raw_tail_utility_drop": 0.36397088780796794,
  "combined_repair_raw_nmax_mean_gain": 0.8803086375224858,
  "combined_repair_raw_nmax_win_rate": 1.0,
  "combined_repair_raw_ablation_dominance": 0.27709535654229556,
  "stress_combined_mean_selected_utility": 0.8494153088926296,
  "seed_block_robustness_pass_rate": 1.0,
  "raw_score_top_bin_object_real_gap": 1.095467459764002,
  "raw_score_top_bin_identity_error": 0.94140625,
  "good_control_raw_nmax_utility": 0.6554531451148605,
  "good_control_raw_nmax_identity_error": 0.125,
  "good_minus_corrupted_raw_nmax_utility": 0.608449149414918,
  "corrupted_mean_raw_nmax_utility": 0.047003995699942534,
  "combined_repair_min_low_noise_utility": 0.8374916544433992,
  "combined_vs_raw_low_noise_sensitivity_margin": 0.8534731753001509,
  "learned_full_minus_no_mass_property_accuracy": 0.1229166666666666,
  "learned_full_minus_kinematic_pair_identity_accuracy": 0.0760416666666666,
  "ood_combined_mean_selected_utility": 0.876852645124664,
  "ood_raw_mean_selected_utility": 0.03568903305390835,
  "ood_combined_vs_raw_gain": 0.8411636120707556,
  "ood_good_control_raw_utility": 0.7549937089444607,
  "learned_metrics": {
    "property_accuracy": 0.9958333333333333,
    "random_property_accuracy": 0.75,
    "identity_alignment_accuracy": 0.9875,
    "random_identity_alignment_accuracy": 0.5,
    "transition_mse": 0.00027582489851947376,
    "constant_transition_mse": 0.03922277193173474,
    "reward_correlation": 0.953061460933608,
    "n_train_slots": 1040,
    "n_test_slots": 480
  },
  "passes_claim_audit": true,
  "runtime_seconds": 123.57
}