{
  "mode": "full",
  "ns": [
    1,
    2,
    4,
    8,
    16,
    32,
    64
  ],
  "seeds": [
    0,
    1,
    2,
    3,
    4,
    5,
    6,
    7,
    8,
    9,
    10,
    11,
    12,
    13,
    14,
    15
  ],
  "stress_seeds": [
    0,
    1,
    2,
    3,
    4,
    5,
    6,
    7,
    8,
    9,
    10,
    11,
    12,
    13,
    14,
    15,
    16,
    17,
    18,
    19,
    20,
    21,
    22,
    23,
    24,
    25,
    26,
    27,
    28,
    29,
    30,
    31
  ],
  "n_seed_rows": 5376,
  "n_main_rows": 336,
  "n_stress_rows": 1120,
  "n_ood_rows": 320,
  "n_model_family_proxy_rows": 480,
  "n_domain_randomization_rows": 240,
  "n_counterfactual_target_rows": 240,
  "n_pilot_calibration_rows": 864,
  "n_leave_one_failure_rows": 1200,
  "n_noisy_probe_rows": 1440,
  "deployment_gate": "block_high_n",
  "exact_law_mean_absolute_error": 0.0004629118998613018,
  "raw_tail_score_gain": 0.5759192453426587,
  "raw_tail_utility_drop": 0.36397088780796794,
  "combined_repair_raw_nmax_mean_gain": 0.8803086375224858,
  "combined_repair_raw_nmax_win_rate": 1.0,
  "combined_repair_raw_ablation_dominance": 0.27709535654229556,
  "observable_repair_raw_nmax_utility": 0.8803086375224858,
  "observable_repair_raw_nmax_gain": 0.8803086375224858,
  "observable_repair_combined_gap": 0.0,
  "stress_combined_mean_selected_utility": 0.8494153088926296,
  "seed_block_robustness_pass_rate": 1.0,
  "raw_score_top_bin_object_real_gap": 1.095467459764002,
  "raw_score_top_bin_identity_error": 0.94140625,
  "good_control_raw_nmax_utility": 0.6554531451148605,
  "good_control_raw_nmax_identity_error": 0.125,
  "good_minus_corrupted_raw_nmax_utility": 0.608449149414918,
  "corrupted_mean_raw_nmax_utility": 0.047003995699942534,
  "combined_repair_min_low_noise_utility": 0.8374916544433992,
  "combined_vs_raw_low_noise_sensitivity_margin": 0.8534731753001509,
  "learned_full_minus_no_mass_property_accuracy": 0.1229166666666666,
  "learned_full_minus_kinematic_pair_identity_accuracy": 0.0760416666666666,
  "learned_shift_min_property_margin": 0.125,
  "learned_shift_min_identity_margin": 0.4458333333333333,
  "learned_shift_max_transition_ratio": 0.0065192539092481,
  "learned_shift_min_reward_correlation": 0.9157332333864964,
  "ood_combined_mean_selected_utility": 0.876852645124664,
  "ood_raw_mean_selected_utility": 0.03568903305390835,
  "ood_combined_vs_raw_gain": 0.8411636120707556,
  "ood_good_control_raw_utility": 0.7549937089444607,
  "ood_observable_mean_selected_utility": 0.8748587549200678,
  "ood_observable_vs_raw_gain": 0.8391697218661595,
  "model_family_combined_vs_best_proxy_gain": 0.5504614056934154,
  "model_family_min_combined_vs_best_proxy_gain": 0.3399964978763068,
  "model_family_max_combined_oracle_gap": 0.10589603837960726,
  "domain_randomized_raw_utility": 0.024107135789083276,
  "domain_randomized_combined_utility": 0.8584949932735436,
  "domain_randomized_observable_utility": 0.8551763530136266,
  "domain_randomized_combined_vs_raw_gain": 0.8343878574844603,
  "domain_randomized_observable_vs_raw_gain": 0.8310692172245433,
  "domain_randomized_combined_win_rate": 1.0,
  "counterfactual_raw_utility": 0.0,
  "counterfactual_combined_utility": 0.816906396281512,
  "counterfactual_observable_utility": 0.8118514080123783,
  "counterfactual_combined_vs_raw_gain": 0.816906396281512,
  "counterfactual_observable_vs_raw_gain": 0.8118514080123783,
  "counterfactual_combined_win_rate": 1.0,
  "pilot_raw_mean_utility": 0.008584399379120458,
  "pilot_calibrated_mean_utility": 0.827787343785161,
  "pilot_calibrated_vs_raw_gain": 0.8192029444060406,
  "pilot_calibrated_min_win_rate": 1.0,
  "pilot_calibrated_max_oracle_gap": 0.13278858832632634,
  "pilot_calibration_train_mae": 0.0478788429570998,
  "pilot_calibration_train_correlation": 0.983367982746434,
  "leave_one_failure_raw_mean_utility": 0.040286694449083796,
  "leave_one_failure_pilot_mean_utility": 0.8160878196526353,
  "leave_one_failure_pilot_vs_raw_gain": 0.7758011252035516,
  "leave_one_failure_pilot_min_win_rate": 1.0,
  "leave_one_failure_pilot_max_oracle_gap": 0.11509503797791432,
  "leave_one_failure_min_train_correlation": 0.9818478546301981,
  "noisy_probe_min_reliable_utility": 0.864985119143049,
  "noisy_probe_mean_reliable_gain": 0.8667438725697415,
  "noisy_probe_min_reliable_win_rate": 1.0,
  "noisy_probe_max_reliable_oracle_gap": 0.04129412749117889,
  "statistical_audit_all_pass": true,
  "statistical_audit_min_ci_margin": 0.08294730684862575,
  "learned_metrics": {
    "property_accuracy": 0.9958333333333333,
    "random_property_accuracy": 0.75,
    "identity_alignment_accuracy": 0.9875,
    "random_identity_alignment_accuracy": 0.5,
    "transition_mse": 0.00027582489851947376,
    "constant_transition_mse": 0.03922277193173474,
    "reward_correlation": 0.953061460933608,
    "n_train_slots": 1040,
    "n_test_slots": 480
  },
  "passes_claim_audit": true,
  "runtime_seconds": 321.478
}